timestamp,solving_id,question_id,user_answer,elapsed_time
1505990956800,1,q8098,b,21000
1505990979796,2,q8074,c,20000
1505991010204,3,q176,b,27000
1505991029839,4,q1279,c,17000
1505991081635,5,q2067,a,15666
1505991081993,5,q2068,a,15666
1505991082362,5,q2069,d,15666
1505991139065,6,q3411,a,17000
1505991139521,6,q3412,a,17000
1505991140232,6,q3413,d,17000
1505991180526,7,q2991,c,12000
1505991180878,7,q2992,a,12000
1505991181165,7,q2993,c,12000
1505991230683,8,q2628,c,15000
1505991231120,8,q2629,d,15000
1505991231503,8,q2630,b,15000
1505991252691,9,q4555,d,19000
1505991278827,10,q4178,b,24000
1505991291216,11,q4761,b,10000
1505991299198,12,q6185,c,6000
1505991324733,13,q6243,a,23000
1505991335930,14,q6442,d,9000
1505991479773,15,q6949,d,35250
1505991480180,15,q6950,a,35250
1505991480534,15,q6951,d,35250
1505991480918,15,q6952,d,35250
1505991735838,16,q7335,a,63000
1505991736300,16,q7336,c,63000
1505991736718,16,q7337,d,63000
1505991737114,16,q7338,b,63000
1517147619034,17,q63,b,25000
1517147652163,18,q190,a,23000
1517147712134,19,q8096,d,24000
1517147753610,20,q11094,a,24000
1517147800885,21,q8117,d,22000
1517147831906,22,q8086,b,21000
1517147859100,23,q101,b,18000
1517147893149,24,q10955,d,22000
1517147944365,25,q158,c,20000
1517147992876,26,q8108,d,20000
1517148044159,27,q10,a,22000
1517148113232,28,q11075,a,23000
1517148151624,29,q8162,d,26000
1517148209325,30,q135,a,22000
1517148258925,31,q8172,a,21000
1517148477725,32,q3799,d,20000
1517148494315,33,q4475,a,6000
1517148524102,34,q5052,c,19000
1517148551677,35,q8524,b,21000
1517148602416,36,q8671,b,23000
1517148658482,37,q8405,d,38000
1517148708918,38,q5683,a,24000
1517148743898,39,q8555,c,22000
1517148760627,40,q5687,b,10000
1517148787853,41,q3839,a,21000
1517148829952,42,q3691,b,25000
1517148859142,43,q9692,b,15000
1517148890542,44,q3773,d,23000
1517148920066,45,q5744,c,19000
1517148946717,46,q4872,b,21000
1517149241822,47,q6965,b,46500
1517149242364,47,q6966,d,46500
1517149243155,47,q6967,b,46500
1517149243656,47,q6968,a,46500
1517210258610,48,q9523,b,8000
1517210285850,49,q4250,a,17000
1517210320308,50,q3912,a,13000
1517210343388,51,q3882,b,12000
1517214947383,51,q3882,a,10000
1517214981204,52,q8405,a,16000
1517215002504,53,q9086,b,308000
1517236872478,54,q4178,b,16000
1517236892866,55,q3777,c,12000
1517236945802,56,q6164,c,41000
1517236986376,57,q10143,b,18000
1517237017147,58,q4485,d,26000
1517237056525,59,q5226,a,27000
1517237082520,60,q6189,d,17000
1517237122109,61,q10144,a,14000
1517237143788,62,q3911,d,16000
1517237208162,63,q6515,b,58000
1517237247485,64,q5337,c,32000
1517237277359,65,q8707,a,20000
1517237323388,66,q4317,c,41000
1517237366722,67,q9667,c,33000
1517237426634,68,q4836,b,34000
1517237470205,69,q6281,c,34000
1517237513300,70,q5353,a,21000
1517237575188,71,q6156,c,27000
1517237641967,72,q4602,d,52000
1517237690637,73,q9761,a,22000
1517237744521,74,q6183,d,39000
1517316802896,75,q4825,c,17000
1517316818938,76,q6185,c,10000
1517316837086,77,q9986,d,10000
1517316874073,78,q6755,d,31000
1517316909077,79,q6476,c,24000
1517316941306,80,q5065,b,16000
1517316963499,81,q8768,b,10000
1517317008214,82,q5775,a,39000
1517317100239,83,q5405,b,40000
1517317331889,83,q5405,d,18000
1517317363116,84,q6189,a,19000
1517317402229,85,q6154,d,283000
1517317453311,86,q8934,a,41000
1517317490200,87,q5414,a,29000
1517317548608,88,q4330,b,36000
1517317585286,89,q6412,a,15000
1517317611575,90,q9954,d,16000
1517317654302,91,q3788,c,36000
1517317687541,92,q3916,b,18000
1517317717413,93,q4263,b,17000
1517317752784,94,q9946,d,29000
1517317791297,95,q5770,b,29000
1517317846524,96,q4289,a,27000
1517317884132,97,q5737,c,21000
1517317908052,98,q10067,d,19000
1517317934508,99,q6327,c,14000
1517318295028,99,q6327,b,9000
1517318328755,100,q6164,a,29000
1517318349564,101,q5784,d,396000
1517318369749,102,q4780,a,13000
1517318401399,103,q8941,b,16000
1517318443738,104,q4883,a,24000
1517318473272,105,q4886,d,23000
1517318498249,106,q3717,d,14000
1517318721983,107,q4289,c,14000
1517318751358,108,q3717,b,6000
1517324331980,109,q9080,c,13000
1517324368422,110,q6364,a,20000
1517324397381,111,q5688,b,22000
1517324466802,112,q4318,a,34000
1517324510770,113,q8928,b,19000
1517324536515,114,q5629,b,19000
1517324588137,115,q4203,b,32000
1517324634896,116,q5333,b,27000
1517324654694,117,q8368,b,15000
1517324678321,118,q6501,d,18000
1517324730230,119,q4517,a,12000
1517324787094,120,q4774,d,7000
1517324832780,121,q8558,b,13000
1517324857056,122,q4476,c,18000
1517324900139,123,q4468,c,38000
1517324929135,124,q5655,c,23000
1517324962120,125,q8876,b,26000
1517324985930,126,q3784,d,20000
1517325036065,127,q6328,a,38000
1517325071038,128,q6243,d,14000
1517326638235,129,q763,a,20000
1517326687725,130,q921,b,16000
1517326722343,131,q1292,b,17000
1517326748363,132,q11263,b,17000
1517326772378,133,q280,a,16000
1517326808185,134,q292,b,15000
1517326836364,135,q1297,b,17000
1517326865357,136,q11261,b,20000
1517326891853,137,q666,b,16000
1517326935222,138,q982,a,22000
1517327290627,138,q982,a,23000
1517327318011,139,q1292,c,18000
1517327382404,140,q626,a,15000
1517327414350,141,q11249,b,21000
1517327443649,142,q291,b,22000
1517327465405,143,q835,b,15000
1517327505686,144,q788,c,17000
1517327533500,145,q295,c,15000
1517327559828,146,q1250,a,16000
1517327775576,147,q291,a,15000
1517327797232,148,q1250,b,17000
1517327825228,149,q373,b,253000
1517327847824,150,q757,a,16000
1517327898568,151,q11259,b,19000
1517327919537,152,q372,c,15000
1517327960694,153,q588,c,18000
1517328000118,154,q507,c,16000
1517328023889,155,q11262,a,16000
1517328062911,156,q825,b,16000
1517328151296,157,q10087,b,13000
1517328182992,158,q4097,b,10000
1517328548231,159,q4774,c,18000
1517328573188,160,q4097,d,9000
1517328604287,161,q6507,b,401000
1517328637584,162,q5288,a,21000
1517328674167,163,q8815,a,25000
1517328717748,164,q6171,b,33000
1517328765553,165,q4870,c,28000
1517328802228,166,q6746,a,32000
1517328845995,167,q8605,a,28000
1517328867391,168,q4688,d,15000
1517328917971,169,q4135,d,45000
1517328967483,170,q5031,b,26000
1517329012221,171,q8534,d,20000
1517329051956,172,q6160,a,24000
1517329079129,173,q4308,a,21000
1517461578770,174,q6071,a,19000
1517461649079,175,q9559,d,22000
1517550773134,176,q6166,c,14000
1517550823904,177,q5663,c,30000
1517550868123,178,q5238,b,26000
1517550902594,179,q9907,d,29000
1517550948032,180,q4797,a,40000
1517550986714,181,q6355,b,24000
1517551034931,182,q5695,b,34000
1517551072637,183,q9378,d,9000
1517551140408,184,q6049,a,25000
1517551203169,185,q5257,a,44000
1517551231682,186,q5659,c,20000
1517551266222,187,q9687,d,15000
1517551296487,188,q5347,c,25000
1517551328241,189,q5521,a,16000
1517551370714,190,q4122,d,20000
1517551394174,191,q8797,b,17000
1517551428834,192,q6513,b,29000
1517551545285,193,q6731,c,48000
1517551576353,194,q6162,b,13000
1517551603563,195,q9889,d,22000
1517636871247,196,q6509,a,36000
1517636929761,197,q4543,c,40000
1517636964313,198,q5057,d,25000
1517637017223,199,q10287,b,31000
1517637037455,200,q5686,c,15000
1517637090602,201,q5500,a,40000
1517806471149,202,q3815,d,37000
1517806510899,203,q9483,d,16000
1517806545478,204,q5308,b,30000
1517806607748,205,q6760,c,37000
1517806653080,206,q5309,d,29000
1517806667400,207,q10008,b,9000
1517806695677,208,q6331,c,23000
1517806743417,209,q9606,a,15000
1517806793803,210,q4059,b,41000
1517806874510,211,q8551,d,51000
1517806917744,212,q4878,b,37000
1517806957856,213,q4788,a,18000
1518106232919,214,q5288,d,14000
1518106277240,215,q4517,d,24000
1518106633662,216,q4788,d,17000
1518106677914,217,q4250,a,39000
1518141420073,218,q4077,d,36000
1518141452886,219,q10206,c,24000
1518141482674,220,q6499,a,20000
1518143229238,221,q5493,c,12000
1518147071280,222,q4022,b,31000
1518147105153,223,q10250,d,23000
1518147134741,224,q5246,a,23000
1518147184565,225,q6052,c,33000
1518147227747,226,q6549,a,27000
1518147256310,227,q9717,b,22000
1518147283154,228,q4502,b,13000
1518275172212,229,q5629,d,19000
1518275218273,230,q6476,a,34000
1518276376812,231,q4308,c,19000
1518276409433,232,q6507,d,27000
1518276807189,233,q5659,b,13000
1518277073179,234,q8671,b,28000
1518278127671,235,q5057,b,14000
1518278160760,236,q5031,d,22000
1518278391144,237,q6746,c,26000
1518278410456,238,q5686,b,12000
1518278936976,239,q5688,d,17000
1518279015393,240,q4186,a,28000
1518279106494,241,q6206,c,33000
1518279137148,242,q9734,c,15000
1518279173690,243,q6136,c,18000
1518279213563,244,q6028,a,30000
1518279282404,245,q5611,a,42000
1518279368650,246,q10154,b,58000
1518279407111,247,q3665,b,10000
1518279445221,248,q4160,a,33000
1518279485763,249,q5336,b,19000
1519033652829,250,q8867,c,21000
1519033686460,251,q3848,b,15000
1519033728725,252,q6225,c,36000
1519046470511,253,q6336,c,24000
1519046508119,254,q10092,d,19000
1519046765259,255,q6176,d,25000
1519046786494,256,q4805,b,12000
1519046809728,257,q3801,a,17000
1519046835828,258,q3635,a,16000
1519046869289,259,q4552,c,28000
1519046933842,260,q9578,b,37000
1519046980469,261,q4471,d,26000
1519047030989,262,q8804,a,45000
1519047073588,263,q6213,d,23000
1519047224077,264,q6044,b,21000
1519047271943,265,q4265,a,21000
1519047318461,266,q9536,a,20000
1519047349825,267,q5904,d,23000
1519047382848,268,q3956,d,16000
1519047425167,269,q4931,d,16000
1519047852209,270,q8622,d,12000
1519047871479,271,q3935,b,12000
1519047941078,272,q5574,c,28000
1519047983366,273,q4134,d,35000
1519048155327,274,q8775,b,11000
1519048189143,275,q5035,b,28000
1519048241181,276,q5049,a,8000
1519048275224,277,q6503,a,22000
1519049155386,278,q9182,c,18000
1519049340908,279,q5441,d,19000
1519049500992,280,q6525,b,32000
1519049619032,281,q6194,b,29000
1519758780298,282,q8996,a,14000
1519758832617,283,q6340,a,42000
1519758876603,284,q5855,a,24000
1519758939429,285,q5316,c,52000
1519758994247,286,q8926,b,30000
1519759037007,287,q5624,c,21000
1519759065600,288,q6048,a,20000
1519759102584,289,q4493,a,29000
1519759133566,290,q9731,b,21000
1519759171977,291,q5339,c,16000
1519759191750,292,q5490,c,13000
1519759233331,293,q4844,b,28000
1519759283407,294,q8588,d,39000
1519759329705,295,q4481,a,40000
1519759374970,296,q6222,d,38000
1519759458180,297,q4121,d,37000
1519759488891,298,q8189,c,15000
1519759512435,299,q5307,c,16000
1519759543458,300,q5157,b,23000
1519759590445,301,q4247,b,28000
1519759626748,302,q9099,d,19000
1519759731555,303,q6332,c,27000
1519759771625,304,q5698,c,26000
1519794734458,305,q3692,a,39000
1519794805418,306,q9031,a,38000
1519794882086,307,q5673,b,35000
1519794935559,308,q5063,c,16000
1519795516918,309,q6760,d,37000
1519795574337,310,q4203,b,35000
1519795804109,311,q6328,d,36000
1519795857101,312,q6164,a,23000
1519824474471,313,q3784,a,27000
1519824521381,314,q4022,d,38000
1519824767405,315,q5695,a,19000
1519824795184,316,q5246,c,16000
1519825200229,317,q5688,b,22000
1519825263767,318,q4186,c,20000
1519825487647,319,q5490,a,11000
1519825508976,320,q5441,a,12000
1519825967890,321,q5611,d,15000
1519826011123,322,q4797,b,27000
1519826409801,323,q4493,b,23000
1519826473444,324,q6509,a,56000
1519826966629,325,q4121,b,28000
1519827001626,326,q6166,c,25000
1519827099667,327,q5063,c,6000
1519827166413,328,q6340,b,30000
1519827892418,329,q666,b,17000
1519827946068,330,q757,a,28000
1519827990065,331,q952,a,14000
1519828015900,332,q336,a,18000
1519828046930,333,q854,b,17000
1519828089547,334,q200,b,18000
1519828204019,335,q259,a,63000
1519828250976,336,q539,c,21000
1519828288324,337,q422,a,19000
1519828325886,338,q1000,a,18000
1519828373810,339,q1048,b,19000
1519828421007,340,q590,b,17000
1519828464043,341,q749,a,15000
1519828492239,342,q669,a,18000
1519892752630,343,q5418,a,30000
1519892802861,344,q10146,a,23000
1519892841653,345,q4175,a,22000
1519892890942,346,q6541,a,41000
1519892977241,347,q6365,b,34000
1519893017534,348,q8946,d,30000
1519893054210,349,q4916,b,15000
1519893100727,350,q5040,d,28000
1519893487944,351,q4918,b,37000
1519954429031,352,q6541,b,41000
1519954575115,353,q4059,a,44000
1519954844714,354,q3717,a,29000
1519954912719,355,q4289,c,33000
1519955001939,356,q8644,c,40000
1519955064900,357,q6335,d,25000
1519955120009,358,q3698,a,32000
1519955422303,358,q3698,d,6000
1519955467203,359,q6525,a,38000
1519974692490,360,q5399,a,37000
1519974727662,361,q9947,a,20000
1519974799689,362,q6338,b,34000
1519974861989,363,q4137,a,31000
1519974906514,364,q3963,c,37000
1519974970611,365,q9445,b,13000
1519974992707,366,q4497,b,15000
1519975031180,367,q4187,a,26000
1519975093151,368,q6442,b,33000
1519975268728,369,q9755,c,18000
1519975316644,370,q4027,a,37000
1519975361967,371,q5071,b,21000
1519975407916,372,q4891,b,39000
1519975451010,373,q9993,a,10000
1519975504316,374,q6544,b,36000
1519975541524,375,q6020,b,28000
1519975587327,376,q4450,b,36000
1519975634182,377,q9328,d,23000
1519975700718,378,q4025,a,46000
1519975756649,379,q5417,a,43000
1519987102595,380,q5399,d,6000
1519987123590,381,q8405,a,15000
1519987313327,382,q3963,b,8000
1519987349754,383,q5035,b,24000
1519987399566,384,q5441,a,15000
1519987421688,385,q6020,d,8000
1519987437246,386,q5490,a,7000
1519987459054,387,q6028,d,14000
1519987485804,388,q4788,d,11000
1519987616649,389,q1218,a,16000
1519987664801,390,q397,b,16000
1519987709342,391,q878,b,17000
1519987755846,392,q1316,a,21000
1519987820997,393,q1314,b,22000
1519988057740,394,q952,b,14000
1519988097256,395,q200,c,17000
1519988322529,396,q763,c,19000
1519988367758,397,q539,a,16000
1519988457816,398,q554,c,23000
1519988505995,399,q285,a,18000
1519988550088,400,q652,a,19000
1519988611150,401,q330,c,23000
1519988653603,402,q1266,a,15000
1519988716265,403,q1251,a,22000
1519988764239,404,q877,a,19000
1519988812414,405,q724,a,23000
1519988874320,406,q905,c,17000
1519988911657,407,q1370,a,15000
1519988992181,408,q422,a,17000
1519989029724,409,q982,a,19000
1519989085001,410,q336,b,19000
1519989121695,411,q877,c,18000
1519989148210,412,q292,c,15000
1519989187644,413,q652,c,16000
1519989235963,414,q11061,b,26000
1519989289530,415,q188,c,20000
1519989340792,416,q7,c,22000
1519989392464,417,q3,b,21000
1519989441123,418,q11033,c,20000
1519989489474,419,q65,b,22000
1519989550008,420,q46,b,21000
1519989885275,420,q46,a,14000
1519989914369,421,q10,d,22000
1519989979934,422,q8118,a,320000
1519990029980,423,q11109,a,20000
1519990080453,424,q8092,b,23000
1519990134903,425,q59,b,25000
1519990196385,426,q176,d,28000
1519990250538,427,q11028,a,23000
1519990314962,428,q8057,c,23000
1519990366156,429,q111,a,21000
1519990744743,430,q6569,a,38500
1519990745605,430,q6570,c,38500
1519990746516,430,q6571,b,38500
1519990747289,430,q6572,c,38500
1519990943929,431,q6645,a,44000
1519990944646,431,q6646,c,44000
1519990945353,431,q6647,d,44000
1519990946093,431,q6648,d,44000
1519991066244,432,q10712,b,24250
1519991066729,432,q10713,d,24250
1519991067398,432,q10714,c,24250
1519991067759,432,q10715,b,24250
1519991247916,433,q6829,a,42000
1519991248364,433,q6830,d,42000
1519991248788,433,q6831,b,42000
1519991249228,433,q6832,d,42000
1520014222012,434,q1261,b,18000
1520014266001,435,q739,b,20000
1520014322250,436,q502,c,29000
1520014380066,437,q729,c,22000
1520014427491,438,q448,c,24000
1520014626535,438,q448,b,16000
1520014654465,439,q1316,c,18000
1520014695298,440,q1327,b,233000
1520014729102,441,q646,a,16000
1520014768193,442,q1339,c,17000
1520014812179,443,q508,b,16000
1520014850786,444,q722,a,15000
1520014889034,445,q758,c,18000
1520014931525,446,q924,b,19000
1520014976991,447,q968,a,16000
1520015019506,448,q774,a,18000
1520015083532,449,q1361,c,23000
1520015124493,450,q573,a,18000
1520015172504,451,q961,a,20000
1520015216370,452,q1030,b,17000
1520015412796,453,q763,c,17000
1520015430392,454,q1030,a,11000
1520015464414,455,q1076,b,222000
1520015503876,456,q1011,a,17000
1520015592333,457,q4060,b,25000
1520015647119,458,q10128,c,23000
1520015685076,459,q5076,a,19000
1520015732359,460,q4530,d,36000
1520015770779,461,q6127,a,24000
1520015805273,462,q9777,b,13000
1520015858504,463,q5996,a,42000
1520015904328,464,q4582,a,16000
1520015949494,465,q4555,a,25000
1520016010138,466,q9929,b,15000
1520016054312,467,q4876,a,36000
1520016165148,468,q4442,d,46000
1520016226150,469,q4043,d,27000
1520016300313,470,q9870,c,43000
1520016329976,471,q4792,b,12000
1520016424792,472,q4007,c,45000
1520016484944,473,q3701,c,52000
1520016551531,474,q10214,a,35000
1520016611851,475,q4483,d,26000
1520016639507,476,q4486,c,19000
1520016665883,477,q5108,a,18000
1520016706553,478,q9772,a,13000
1520016769485,479,q6721,d,55000
1520016814858,480,q4818,c,18000
1520016858851,481,q5460,c,19000
1520044965010,482,q9912,c,26000
1520045001119,483,q5564,b,17000
1520045037141,484,q3695,b,14000
1520045064582,485,q5720,a,19000
1520045079043,486,q10229,b,8000
1520045130790,487,q6256,b,37000
1520045235784,488,q5455,b,13000
1520045258105,489,q4756,b,14000
1520045298186,490,q4258,c,24000
1520045332346,491,q5352,a,22000
1520045499202,492,q8666,a,23000
1520045565761,493,q3960,d,34000
1520045622101,494,q9362,c,29000
1520045645296,495,q6250,d,14000
1520045690076,496,q6532,d,30000
1520045763552,497,q8414,a,19000
1520045804787,498,q9983,b,21000
1520045840626,499,q5725,c,26000
1520045874925,500,q6742,d,25000
1520045918506,501,q3631,a,22000
1520045963833,502,q10101,c,31000
1520046004886,503,q5116,a,33000
1520046074414,504,q6040,c,16000
1520046542944,505,q3666,a,8000
1520046571961,506,q9108,d,23000
1520046649874,507,q4520,c,15000
1520046698104,508,q4024,c,35000
1520046740802,509,q4852,b,16000
1520131000915,510,q9394,d,21000
1520131038718,511,q4514,c,19000
1520131077694,512,q4919,c,26000
1520131122910,513,q4500,c,13000
1520131152671,514,q10316,a,20000
1520131191320,515,q3824,b,20000
1520131240306,516,q4314,d,33000
1520131293535,517,q5923,d,34000
1520131344562,518,q9191,b,31000
1520131387205,519,q3909,a,16000
1520131503329,520,q732,b,19000
1520131551360,521,q456,c,18000
1520131578708,522,q406,a,19000
1520131615171,523,q725,a,16000
1520131642087,524,q261,b,19000
1520131675642,525,q1224,c,17000
1520140692392,526,q4526,d,22000
1520140730456,527,q3925,a,11000
1520140768097,528,q10065,b,20000
1520140799423,529,q6070,b,24000
1520140874837,530,q4045,d,28000
1520140908575,531,q5376,a,11000
1520140989365,532,q8820,b,46000
1520141045004,533,q5396,b,40000
1520141097413,534,q4527,b,36000
1520141135693,535,q4055,a,29000
1520141164623,536,q8528,a,11000
1520141218936,537,q6039,b,44000
1520141466033,538,q3668,d,39000
1520141503270,539,q4672,c,17000
1520141560129,540,q9848,a,47000
1520141614300,541,q6384,a,25000
1520141888614,542,q5103,d,20000
1520141954751,543,q6069,a,29000
1520141983362,544,q9152,b,21000
1520142029250,545,q4773,d,32000
1520142066493,546,q4446,a,30000
1520142119632,547,q5662,b,44000
1520169539528,548,q9448,c,25000
1520169566723,549,q4290,b,19000
1520169643016,550,q6453,d,49000
1520169678365,551,q5240,c,22000
1520169737937,552,q8995,a,25000
1520169798099,553,q762,b,17000
1520169833343,554,q856,a,11000
1520169880580,555,q1069,b,21000
1520169927061,556,q256,c,20000
1520169999758,557,q973,b,25000
1520170044467,558,q483,a,21000
1520170096217,559,q1175,a,23000
1520170143135,560,q810,a,23000
1520170193385,561,q1368,b,19000
1520170234075,562,q447,a,16000
1520170281599,563,q266,a,18000
1520171657099,564,q3956,a,24000
1520171696999,565,q4025,d,18000
1520171748694,566,q1076,c,15000
1520171783365,567,q835,c,20000
1520171881504,568,q729,b,19000
1520171913573,569,q732,b,22000
1520171969625,570,q590,c,18000
1520172424158,571,q483,c,14000
1520172465558,572,q1327,a,18000
1520172529786,573,q2622,d,11666
1520172530334,573,q2623,b,11666
1520172530877,573,q2624,a,11666
1520172647281,574,q2790,b,22333
1520172648312,574,q2791,c,22333
1520172649180,574,q2792,c,22333
1520172749083,575,q3225,d,16333
1520172749560,575,q3226,a,16333
1520172749955,575,q3227,c,16333
1520172885783,576,q11308,d,23000
1520172886255,576,q11309,b,23000
1520172886693,576,q11310,b,23000
1520172998498,577,q3333,c,23000
1520172999296,577,q3334,a,23000
1520173000083,577,q3335,b,23000
1520173177977,578,q3222,a,16000
1520173178532,578,q3223,c,16000
1520173178932,578,q3224,c,16000
1520173342402,579,q2601,d,18333
1520173343254,579,q2602,c,18333
1520173344094,579,q2603,b,18333
1520173716314,580,q2622,d,12333
1520173717024,580,q2623,c,12333
1520173717696,580,q2624,a,12333
1520173961645,581,q6641,a,36750
1520173962554,581,q6642,b,36750
1520173963384,581,q6643,b,36750
1520173964194,581,q6644,b,36750
1520250533001,582,q4188,d,28000
1520250585518,583,q5506,d,15000
1520250807624,584,q5496,a,16000
1520250837492,585,q9762,b,20000
1520250878725,586,q8699,b,33000
1520250948425,587,q5727,d,57000
1520419331317,588,q5673,d,19000
1520419490878,589,q4060,b,20000
1520419570200,590,q4878,d,39000
1520419608308,591,q4186,c,23000
1520419643599,592,q4876,b,28000
1520419701575,593,q6442,d,14000
1520419721365,594,q4852,c,8000
1520419968669,595,q6453,b,5000
1520419989641,596,q5727,c,14000
1520594301867,597,q5685,d,12000
1520594330118,598,q10277,a,20000
1520594359154,599,q4695,b,16000
1520594397433,600,q4125,d,31000
1520594433909,601,q6121,d,20000
1520594483941,602,q8894,b,30000
1520594524348,603,q4847,a,13000
1520594558776,604,q3830,a,21000
1520594613842,605,q6022,b,21000
1520594655937,606,q9546,c,32000
1520594962457,607,q3830,c,11000
1520594987426,608,q5506,a,17000
1520757652135,609,q5113,d,11000
1520757693193,610,q4238,b,20000
1520757734126,611,q4001,b,29000
1520757769156,612,q9005,c,18000
1520757798224,613,q4436,c,21000
1520757844789,614,q5764,d,27000
1520757921235,615,q5351,a,55000
1520757983504,616,q8719,d,13000
1520758031426,617,q6547,d,38000
1520758073543,618,q3831,b,12000
1520758117676,619,q6494,c,35000
1520758145830,620,q10069,d,13000
1520758267768,621,q5444,c,30000
1520758316752,622,q3826,b,35000
1520758361325,623,q10032,c,37000
1520758389963,624,q8724,d,19000
1520758444781,625,q5230,b,13000
1520778521401,626,q4322,d,19000
1520778544340,627,q3924,d,15000
1520778590187,628,q10081,d,22000
1520778634745,629,q5805,b,38000
1520778681893,630,q6414,d,24000
1520779952291,631,q3785,d,24000
1520779982585,632,q10179,a,11000
1520780026753,633,q5484,a,27000
1520780063682,634,q5968,a,30000
1520781269319,635,q9652,b,36000
1520781432228,636,q8560,d,21000
1520781995020,637,q6200,c,18000
1520782028519,638,q4541,c,21000
1520851914079,639,q4543,c,30000
1520851955329,640,q4541,b,10000
1520851993460,641,q3963,b,15000
1520852022102,642,q5035,c,17000
1520852060860,643,q4314,a,22000
1520852138599,644,q4134,a,35000
1520852176823,645,q4125,c,20000
1520852512521,646,q6070,b,34000
1520867375964,647,q4070,c,24000
1520867402212,648,q9563,d,18000
1520867432584,649,q5237,d,22000
1520867454185,650,q5625,a,14000
1520867489078,651,q6465,c,27000
1520867561516,652,q9978,b,22000
1520938622618,653,q6539,d,25000
1520938653067,654,q4325,a,23000
1520938701178,655,q4626,a,27000
1520938729176,656,q9771,c,20000
1520938790742,657,q6038,d,38000
1520938820360,658,q6512,b,21000
1520938840550,659,q5470,b,12000
1520938904175,660,q10221,d,35000
1520938930362,661,q5486,c,16000
1520938970659,662,q4366,a,26000
1520939009181,663,q5547,c,23000
1521113515929,664,q4485,a,36000
1521113616978,665,q4043,b,29000
1521421000626,666,q8503,b,9000
1521421023033,667,q5428,d,14000
1521421063275,668,q10020,b,29000
1521421130408,669,q4918,c,35000
1521421176579,670,q9652,d,31000
1521421252850,671,q5418,a,34000
1521421310363,672,q5116,b,28000
1521421358406,673,q10020,c,8000
1521421389897,674,q4083,c,270000
1521421453804,675,q9980,c,56000
1521421499467,676,q5674,a,26000
1521421535999,677,q6722,c,25000
1555677157236,678,q6406,a,20000
1555677183417,679,q9802,d,11000
1555677200848,680,q5442,b,7000
1555677231750,681,q5549,c,19000
1555677278157,682,q3681,a,21000
1555677381431,683,q9462,a,10000
1555677414766,684,q4605,c,19000
1555677450855,685,q9641,c,23000
1555677514370,686,q6382,c,12000
1555677540710,687,q8892,b,14000
1555677571262,688,q4352,a,18000
1555677595912,689,q4047,a,16000
1555677635365,690,q6029,b,15000
1555677680955,691,q9337,a,24000
1555677739117,692,q4802,a,35000
1555690507381,693,q1065,c,16000
1555690534096,694,q750,a,17000
1555690610777,695,q796,c,19000
1555690649905,696,q423,a,15000
1555690694524,697,q1185,c,20000
1555690749440,698,q1384,b,19000
1555690817109,699,q245,c,20000
1555690864344,700,q420,a,17000
1555690929139,701,q435,b,18000
1555690969909,702,q767,b,14000
1555691325113,703,q4151,a,36000
1555691370812,704,q4592,a,20000
1555691390581,705,q9386,b,10000
1555691426774,706,q4150,c,14000
1555691450457,707,q5559,d,17000
1555691498657,708,q6131,a,27000
1555691544460,709,q9973,b,20000
1555749120311,710,q312,a,13000
1555749355820,710,q312,c,14000
1555749394422,711,q422,a,16000
1555749439807,712,q575,b,18000
1555749485539,713,q583,a,18000
1555749529107,714,q385,b,18000
1555749576801,715,q902,a,18000
1555780150601,716,q1003,c,20000
1555780194927,717,q752,c,17000
1555780236055,718,q784,b,14000
1555780282013,719,q970,b,16000
1555780324532,720,q1115,c,17000
1555780393916,721,q938,a,15000
1555780448821,722,q676,c,18000
1555780516260,723,q1239,a,19000
1555780581815,724,q730,a,18000
1555780640727,725,q241,b,17000
1555780683719,726,q561,b,19000
1555780737962,727,q1037,b,17000
1555781186517,728,q6949,d,25750
1555781187311,728,q6950,a,25750
1555781187996,728,q6951,d,25750
1555781188600,728,q6952,d,25750
1555781491527,729,q7335,c,67000
1555781492203,729,q7336,b,67000
1555781492876,729,q7337,d,67000
1555781493655,729,q7338,b,67000
1555781531600,730,q3691,a,15000
1555781560753,731,q3773,a,22000
1555781574062,732,q4872,d,7000
1555781598649,733,q3912,a,19000
1555833074920,734,q5509,a,9000
1555833101477,735,q4038,d,19000
1555833149180,736,q4136,b,28000
1555833178030,737,q10177,b,11000
1555833200426,738,q6486,d,15000
1555835995089,739,q6050,a,8000
1555836025870,740,q4599,b,22000
1555837499483,741,q5629,b,11000
1555837533374,742,q5698,c,12000
1555837566892,743,q6044,b,8000
1555837594222,744,q4290,d,3000
1555837957265,745,q5564,d,33000
1555838009347,746,q4916,b,17000
1555869543645,747,q5337,c,12000
1555869647976,748,q6156,d,20000
1555869774832,749,q4602,c,30000
1555869819125,750,q6183,c,33000
1555869878647,751,q5775,d,25000
1555869931427,752,q5414,c,23000
1555869967951,753,q3788,c,15000
1555870022811,754,q3916,b,9000
1555870057439,755,q5770,b,22000
1555870081992,756,q8941,a,13000
1555870138474,757,q4318,a,43000
1555870209909,758,q6501,c,15000
1555933924423,759,q10634,a,39500
1555933926366,759,q10635,a,39500
1555933929364,759,q10636,a,39500
1555933930696,759,q10637,a,39500
1555934143336,760,q11547,d,37500
1555934144539,760,q11548,d,37500
1555934146028,760,q11549,d,37500
1555934147250,760,q11550,b,37500
1555934320369,761,q6985,d,33250
1555934321684,761,q6986,c,33250
1555934322824,761,q6987,d,33250
1555934323744,761,q6988,a,33250
1555934695910,762,q6805,a,26750
1555934698155,762,q6806,c,26750
1555934698964,762,q6807,c,26750
1555934700217,762,q6808,d,26750
1555935236203,763,q7886,c,92000
1555935237508,763,q7887,d,92000
1555935238604,763,q7888,b,92000
1555935239693,763,q7889,d,92000
1555935240860,763,q7890,a,92000
1555936017184,764,q7219,d,69750
1555936019245,764,q7220,d,69750
1555936020184,764,q7221,b,69750
1555936020904,764,q7222,a,69750
1555936433414,765,q7851,b,68600
1555936434544,765,q7852,c,68600
1555936435406,765,q7853,d,68600
1555936436162,765,q7854,d,68600
1555936437330,765,q7855,d,68600
1555939989442,766,q9945,c,13000
1555940022177,767,q9599,c,19000
1555989752898,768,q1195,c,16000
1555989810083,769,q243,c,18000
1555989874903,770,q633,c,20000
1555989941384,771,q629,a,16000
1555990031334,772,q621,a,17000
1555990094328,773,q699,a,17000
1555990176145,774,q1335,b,20000
1555990239775,775,q526,b,17000
1555990281088,776,q984,c,16000
1555990329712,777,q1311,c,16000
1555990373632,778,q438,a,19000
1555990444186,779,q1257,c,20000
1555991868033,780,q6805,c,27500
1555991868619,780,q6806,c,27500
1555991869223,780,q6807,c,27500
1555991869854,780,q6808,d,27500
1555997840767,781,q56,c,18000
1555997868816,782,q11161,a,19000
1555997895875,783,q123,a,20000
1555997942945,784,q172,a,20000
1555997993022,785,q4,b,19000
1555998024659,786,q11099,d,22000
1555998084447,787,q8140,b,20000
1555998116977,788,q78,d,21000
1555998160058,789,q150,d,21000
1555998206419,790,q11189,d,19000
1556035592910,791,q2859,d,20333
1556035593645,791,q2860,d,20333
1556035594290,791,q2861,a,20333
1556035709868,792,q3072,c,24000
1556035710636,792,q3073,a,24000
1556035711497,792,q3074,c,24000
1556035819446,793,q2607,c,22333
1556035820088,793,q2608,b,22333
1556035820795,793,q2609,c,22333
1556035987148,794,q3525,d,25000
1556035987801,794,q3526,c,25000
1556035988621,794,q3527,c,25000
1556036116260,795,q2967,b,24333
1556036116857,795,q2968,d,24333
1556036118696,795,q2969,c,24333
1556036570504,796,q2601,c,25333
1556036571084,796,q2602,c,25333
1556036571709,796,q2603,b,25333
1556036689940,797,q1289,c,16000
1556036727472,798,q1203,a,16000
1556036789062,799,q1084,a,13000
1556036843499,800,q846,b,18000
1556036887531,801,q440,b,17000
1556036985128,802,q214,a,17000
1556037059877,803,q594,b,17000
1556037116065,804,q232,a,15000
1556037201874,805,q404,b,17000
1556037286969,806,q1112,b,15000
1556037334399,807,q279,a,17000
1556037381471,808,q369,c,20000
1556037920003,809,q6171,b,17000
1556038004658,810,q4135,c,30000
1556038054111,811,q6071,b,24000
1556038103848,812,q5663,a,28000
1556038158942,813,q9378,c,36000
1556038248539,814,q6049,d,42000
1556038295795,815,q5309,b,27000
1556038333056,816,q6331,d,17000
1556038386330,817,q4250,a,26000
1556038427760,818,q6052,b,17000
1556038462826,819,q9717,b,22000
1556038498483,820,q4502,b,10000
1556091553535,821,q6476,d,16000
1556091804545,822,q8671,b,22000
1556091846741,823,q4160,d,11000
1556094843844,824,q8867,d,18000
1556094899806,825,q9578,d,24000
1556094924236,826,q8804,d,14000
1556094968041,827,q6213,d,36000
1556095014421,828,q5904,d,20000
1556095045748,829,q3935,a,14000
1556095079228,830,q6503,a,26000
1556095176397,831,q9182,a,31000
1556095209684,832,q6194,b,15000
1556112259747,833,q6885,a,59000
1556112261181,833,q6886,b,59000
1556112262602,833,q6887,d,59000
1556112263550,833,q6888,a,59000
1556112482738,834,q10364,d,42000
1556112483478,834,q10365,b,42000
1556112484382,834,q10366,c,42000
1556112485279,834,q10367,c,42000
1556112778344,835,q6557,d,40750
1556112779449,835,q6558,b,40750
1556112782170,835,q6559,c,40750
1556112785192,835,q6560,c,40750
1556113036325,836,q6937,c,37000
1556113038294,836,q6938,a,37000
1556113040181,836,q6939,c,37000
1556113041657,836,q6940,b,37000
1556256225182,837,q8926,b,14000
1556256269572,838,q9731,b,26000
1556256318180,839,q6222,d,26000
1556256374856,840,q5157,a,13000
1556256405125,841,q9031,a,20000
1556256455337,842,q4203,b,26000
1556256504777,843,q5688,b,21000
1556256569361,844,q6509,a,28000
1556256629103,845,q6166,c,13000
1556256658172,846,q5063,a,11000
1556256683329,847,q10146,c,17000
1556256716909,848,q6365,b,12000
1556256897570,849,q6653,c,27750
1556256898315,849,q6654,a,27750
1556256900636,849,q6655,d,27750
1556256901354,849,q6656,d,27750
1556257118507,850,q11527,d,26500
1556257119271,850,q11528,b,26500
1556257120261,850,q11529,d,26500
1556257121101,850,q11530,a,26500
1556441473854,851,q2067,c,28333
1556441474715,851,q2068,a,28333
1556441475433,851,q2069,d,28333
1556441629685,852,q3411,d,27333
1556441631545,852,q3412,a,27333
1556441632160,852,q3413,d,27333
1556528997107,853,q10638,c,44500
1556528998140,853,q10639,a,44500
1556528999285,853,q10640,c,44500
1556529001508,853,q10641,a,44500
1556529561513,854,q6709,d,70750
1556529562256,854,q6710,c,70750
1556529562787,854,q6711,b,70750
1556529563312,854,q6712,a,70750
1556529970478,855,q6849,c,57000
1556529971061,855,q6850,d,57000
1556529971651,855,q6851,b,57000
1556529972142,855,q6852,c,57000
1556530153487,856,q6941,a,36000
1556530154092,856,q6942,d,36000
1556530154816,856,q6943,c,36000
1556530155409,856,q6944,b,36000
1556536324579,857,q6841,b,40500
1556536327514,857,q6842,d,40500
1556536329689,857,q6843,c,40500
1556536330354,857,q6844,b,40500
1556538581354,858,q6913,b,119000
1556538583580,858,q6914,b,119000
1556538584957,858,q6915,a,119000
1556538586234,858,q6916,d,119000
1556540001943,859,q6705,a,141250
1556540003579,859,q6706,b,141250
1556540004832,859,q6707,c,141250
1556540005819,859,q6708,c,141250
1556591040263,860,q6885,a,36250
1556591041570,860,q6886,b,36250
1556591042218,860,q6887,a,36250
1556591042958,860,q6888,b,36250
1556604934461,861,q6573,a,33000
1556604935819,861,q6574,b,33000
1556604936581,861,q6575,d,33000
1556604937385,861,q6576,b,33000
1556605135425,862,q6905,b,40500
1556605136668,862,q6906,b,40500
1556605140051,862,q6907,d,40500
1556605142050,862,q6908,c,40500
1556605499539,863,q6637,b,76250
1556605500778,863,q6638,c,76250
1556605501965,863,q6639,b,76250
1556605503048,863,q6640,a,76250
1556709865762,864,q6653,b,18500
1556709866822,864,q6654,a,18500
1556709867537,864,q6655,d,18500
1556709868235,864,q6656,c,18500
1556710057920,865,q6865,a,40500
1556710058769,865,q6866,a,40500
1556710059757,865,q6867,d,40500
1556710060862,865,q6868,c,40500
1556710254496,866,q10650,c,38250
1556710255613,866,q10651,d,38250
1556710256845,866,q10652,b,38250
1556710258705,866,q10653,a,38250
1556710434485,867,q6633,d,35250
1556710435026,867,q6634,b,35250
1556710437183,867,q6635,a,35250
1556710438041,867,q6636,b,35250
1556710805533,867,q6633,d,14000
1556710806292,867,q6634,a,14000
1556710807273,867,q6635,a,14000
1556710808272,867,q6636,b,14000
1556779319954,868,q3912,c,18000
1556779353109,869,q8996,a,12000
1556779403268,870,q4263,a,14000
1556779458886,871,q6185,c,8000
1556779481570,872,q9687,d,15000
1556797326447,873,q6532,c,23000
1556797632999,874,q6250,a,14000
1556797670524,875,q8666,b,27000
1556811742192,876,q2991,c,21666
1556811742845,876,q2992,a,21666
1556811743496,876,q2993,c,21666
1556811819268,877,q8162,d,34000
1556811875018,878,q135,a,23000
1556811945612,879,q280,a,17000
1556811985344,880,q588,c,19000
1556812030692,881,q666,b,22000
1556812092785,882,q757,c,17000
1556812131343,883,q1000,b,16000
1556812175242,884,q669,c,17000
1556812216981,885,q1266,b,16000
1556812259795,886,q982,c,21000
1556812308648,887,q7,c,23000
1556812363089,888,q10,a,25000
1556812446911,889,q1312,c,17000
1556812487952,890,q271,c,16000
1556812527023,891,q1187,a,17000
1556812566286,892,q286,c,17000
1556812622091,893,q684,b,15000
1556812662305,894,q442,c,17000
1556812715917,895,q623,a,17000
1556812761512,896,q1119,b,21000
1556812802958,897,q1114,c,16000
1556812844622,898,q787,a,16000
1556812890179,899,q427,b,20000
1556812949427,900,q576,b,21000
1556819834931,901,q2619,c,27000
1556819835771,901,q2620,b,27000
1556819836837,901,q2621,d,27000
1556820039772,902,q3507,d,27000
1556820040529,902,q3508,b,27000
1556820041220,902,q3509,b,27000
1556820185511,903,q2652,b,26666
1556820186248,903,q2653,b,26666
1556820186984,903,q2654,a,26666
1556820314493,904,q3414,b,23333
1556820315204,904,q3415,b,23333
1556820316098,904,q3416,d,23333
1556820436604,905,q3480,c,24666
1556820437350,905,q3481,c,24666
1556820438111,905,q3482,b,24666
1556820535516,906,q8057,a,24000
1556820596290,907,q739,b,26000
1556820642179,908,q508,b,22000
1556820679708,909,q573,c,16000
1556820726504,910,q261,c,17000
1556820772195,911,q732,c,22000
1556820877088,912,q3225,d,23000
1556820877850,912,q3226,a,23000
1556820878844,912,q3227,c,23000
1556821063391,913,q11308,a,29000
1556821064142,913,q11309,c,29000
1556821065055,913,q11310,b,29000
1556821221964,914,q3333,c,30666
1556821222834,914,q3334,d,30666
1556821224707,914,q3335,b,30666
1556821430462,915,q3102,d,25000
1556821430958,915,q3103,a,25000
1556821431627,915,q3104,c,25000
1556821568033,916,q2592,c,29333
1556821569117,916,q2593,c,29333
1556821569852,916,q2594,d,29333
1556821691725,917,q2988,c,23666
1556821692412,917,q2989,a,23666
1556821693384,917,q2990,a,23666
1556821826278,918,q2877,b,27333
1556821827033,918,q2878,d,27333
1556821827761,918,q2879,a,27333
1556821958219,919,q2973,a,26333
1556821959010,919,q2974,c,26333
1556821959751,919,q2975,a,26333
1556882355891,920,q8652,c,25000
1556882400896,921,q6072,d,18000
1556882445112,922,q9833,c,34000
1556882499635,923,q6543,d,38000
1556882725650,924,q6152,a,33000
1556882781323,925,q5937,b,19000
1556882818128,926,q9814,a,17000
1556882880160,927,q5409,a,42000
1556882908312,928,q6743,b,19000
1556882994168,929,q4522,d,16000
1556883053294,930,q8870,c,16000
1556883099364,931,q5510,a,7000
1556883152987,932,q6097,a,36000
1556883178890,933,q9600,a,16000
1556883256402,934,q17370,a,28000
1556883304243,935,q6180,a,31000
1556883378781,936,q4056,b,54000
1556956909334,937,q6657,d,27500
1556956909347,937,q6658,c,27500
1556956909352,937,q6660,a,27500
1556956909366,937,q6659,a,27500
1556957144845,938,q6789,a,31750
1556957144847,938,q6791,d,31750
1556957144916,938,q6790,c,31750
1556957144934,938,q6792,b,31750
1556957360283,939,q10738,a,38250
1556957360285,939,q10736,a,38250
1556957360286,939,q10737,c,38250
1556957360297,939,q10739,d,38250
1557115905625,940,q2954,b,26666
1557115905658,940,q2952,c,26666
1557115905692,940,q2953,d,26666
1557116071252,941,q3270,d,32000
1557116071307,941,q3271,d,32000
1557116071413,941,q3272,b,32000
1557116212624,942,q2862,a,22666
1557116212650,942,q2863,c,22666
1557116212693,942,q2864,b,22666
1557116409356,943,q3278,b,33000
1557116409362,943,q3276,a,33000
1557116409545,943,q3277,b,33000
1557116590208,944,q2625,d,25666
1557116590286,944,q2627,b,25666
1557116590509,944,q2626,a,25666
1557253928996,945,q2700,b,20666
1557253929863,945,q2701,c,20666
1557253930525,945,q2702,a,20666
1557254066672,946,q3120,c,31666
1557254067234,946,q3121,b,31666
1557254067813,946,q3122,d,31666
1557254250067,947,q2943,d,24666
1557254250834,947,q2944,a,24666
1557254251599,947,q2945,b,24666
1557254391072,948,q3261,d,34666
1557254393063,948,q3262,d,34666
1557254393649,948,q3263,a,34666
1557254535802,949,q3534,c,26666
1557254536389,949,q3535,a,26666
1557254536980,949,q3536,c,26666
1557254625496,950,q796,a,15000
1557254665854,951,q423,a,18000
1557254707878,952,q1185,a,16000
1557254751665,953,q1384,a,21000
1557254791719,954,q420,b,16000
1557254830689,955,q767,c,15000
1557254867338,956,q422,b,17000
1557254903320,957,q984,b,14000
1557254937752,958,q438,b,18000
1557255049218,959,q2859,a,20666
1557255049942,959,q2860,b,20666
1557255050688,959,q2861,a,20666
1557255166859,960,q3072,a,25000
1557255167453,960,q3073,c,25000
1557255168034,960,q3074,c,25000
1557285720680,961,q3333,c,25333
1557285721825,961,q3334,d,25333
1557285722552,961,q3335,a,25333
1557315655695,962,q7770,c,56333
1557315656434,962,q7771,b,56333
1557315657408,962,q7772,d,56333
1557365669658,963,q2679,b,20666
1557365670232,963,q2680,b,20666
1557365670737,963,q2681,a,20666
1557365823008,964,q2739,a,23000
1557365825029,964,q2740,a,23000
1557365825731,964,q2741,b,23000
1557366053372,965,q3387,c,31333
1557366054489,965,q3388,c,31333
1557366055034,965,q3389,c,31333
1557366258780,966,q3252,d,25666
1557366259493,966,q3253,c,25666
1557366260217,966,q3254,c,25666
1557366765826,967,q2631,d,27666
1557366767069,967,q2632,c,27666
1557366770391,967,q2633,b,27666
1557367633453,968,q2607,b,22666
1557367634965,968,q2608,c,22666
1557367636492,968,q2609,c,22666
1557399579713,969,q3525,d,25000
1557399580879,969,q3526,b,25000
1557399581444,969,q3527,c,25000
1557399711526,970,q2601,c,22666
1557399712411,970,q2602,a,22666
1557399713416,970,q2603,c,22666
1557399780316,971,q214,c,19000
1557399821944,972,q594,a,18000
1557399860340,973,q1112,b,17000
1557399963664,974,q2067,c,26000
1557399964599,974,q2068,a,26000
1557399965358,974,q2069,d,26000
1557400362440,975,q6653,b,28750
1557400363145,975,q6654,a,28750
1557400363934,975,q6655,d,28750
1557400364603,975,q6656,c,28750
1557480407325,976,q6773,c,30750
1557480408320,976,q6774,c,30750
1557480409187,976,q6775,c,30750
1557480409868,976,q6776,b,30750
1557480559090,977,q6681,d,31500
1557480560816,977,q6682,a,31500
1557480562359,977,q6683,d,31500
1557480565105,977,q6684,b,31500
1557502825901,978,q3003,a,22333
1557502826739,978,q3004,d,22333
1557502827528,978,q3005,a,22333
1557502984949,979,q2892,a,24000
1557502985733,979,q2893,c,24000
1557502986624,979,q2894,a,24000
1557593197909,980,q3396,a,23000
1557593198718,980,q3397,a,23000
1557593199361,980,q3398,d,23000
1557593321932,981,q3258,a,27666
1557593322882,981,q3259,a,27666
1557593323635,981,q3260,a,27666
1557593532602,982,q3306,d,21333
1557593533315,982,q3307,a,21333
1557593533925,982,q3308,b,21333
1557593657444,983,q3558,c,27000
1557593658193,983,q3559,c,27000
1557593659002,983,q3560,b,27000
1557593866095,984,q3402,a,21666
1557593867123,984,q3403,d,21666
1557593867896,984,q3404,d,21666
1557594148659,985,q6873,d,45500
1557594149865,985,q6874,d,45500
1557594150625,985,q6875,a,45500
1557594151425,985,q6876,a,45500
1557625547846,986,q3411,d,24333
1557625548418,986,q3412,d,24333
1557625549005,986,q3413,d,24333
1557625734417,987,q2991,c,20000
1557625735056,987,q2992,a,20000
1557625735739,987,q2993,b,20000
1557625934969,988,q8162,b,24000
1557626037323,989,q135,d,24000
1557626262473,990,q280,a,19000
1557626371636,991,q588,a,26000
1557626414809,992,q666,a,16000
1557626824644,993,q1000,c,15000
1557626910523,994,q7,d,23000
1557629363482,995,q10,c,22000
1557629413619,996,q286,b,18000
1557807070208,997,q3114,b,23666
1557807071654,997,q3115,a,23666
1557807072425,997,q3116,c,23666
1557807200583,998,q3492,b,25333
1557807201631,998,q3493,d,25333
1557807202790,998,q3494,a,25333
1557807350334,999,q3591,d,24333
1557807351091,999,q3592,a,24333
1557807352016,999,q3593,c,24333
1557807508030,1000,q3342,a,27666
1557807508844,1000,q3343,d,27666
1557807510244,1000,q3344,c,27666
1557807676518,1001,q2658,d,25000
1557807677379,1001,q2659,b,25000
1557807678835,1001,q2660,a,25000
1557807801570,1002,q2721,a,22666
1557807802416,1002,q2722,a,22666
1557807803072,1002,q2723,c,22666
1557807948346,1003,q2856,a,25333
1557807949008,1003,q2857,d,25333
1557807949860,1003,q2858,b,25333
1557808120905,1004,q3459,b,24666
1557808121828,1004,q3460,c,24666
1557808122690,1004,q3461,a,24666
1557808262744,1005,q3192,a,29000
1557808263540,1005,q3193,d,29000
1557808264524,1005,q3194,a,29000
1557808427243,1006,q2676,d,21000
1557808427956,1006,q2677,a,21000
1557808428892,1006,q2678,d,21000
1557808909847,1007,q7613,d,84400
1557808910678,1007,q7614,d,84400
1557808911876,1007,q7615,c,84400
1557808912933,1007,q7616,a,84400
1557808914317,1007,q7617,d,84400
1557936258032,1008,q2736,a,24333
1557936258820,1008,q2737,c,24333
1557936259626,1008,q2738,c,24333
1557936390868,1009,q3156,d,28000
1557936391254,1009,q3157,b,28000
1557936391674,1009,q3158,d,28000
1557936613027,1010,q2664,a,32000
1557936613854,1010,q2665,b,32000
1557936614541,1010,q2666,d,32000
1557936741346,1011,q3555,b,24000
1557936742989,1011,q3556,b,24000
1557936743727,1011,q3557,d,24000
1557936861128,1012,q2661,a,25666
1557936861646,1012,q2662,b,25666
1557936862213,1012,q2663,c,25666
1557936991713,1013,q3225,d,22333
1557936993241,1013,q3226,c,22333
1557936994441,1013,q3227,c,22333
1558079156289,1014,q2670,b,23333
1558079157799,1014,q2671,c,23333
1558079158386,1014,q2672,a,23333
1558079272283,1015,q2616,b,22000
1558079273284,1015,q2617,b,22000
1558079274123,1015,q2618,a,22000
1558079424589,1016,q3405,a,24666
1558079425872,1016,q3406,b,24666
1558079427181,1016,q3407,b,24666
1558079562878,1017,q2706,b,26333
1558079563295,1017,q2707,d,26333
1558079563703,1017,q2708,c,26333
1558079716408,1018,q3315,b,27333
1558079717061,1018,q3316,d,27333
1558079717614,1018,q3317,b,27333
1558377501780,1019,q3045,b,25000
1558377502462,1019,q3046,a,25000
1558377503075,1019,q3047,d,25000
1558377674154,1020,q3246,d,29666
1558377674908,1020,q3247,a,29666
1558377675442,1020,q3248,b,29666
1558377817330,1021,q2994,c,21333
1558377817973,1021,q2995,b,21333
1558377818587,1021,q2996,a,21333
1558377963326,1022,q3111,b,26000
1558377964183,1022,q3112,a,26000
1558377964895,1022,q3113,c,26000
1558378089214,1023,q2610,a,23666
1558378089851,1023,q2611,d,23666
1558378090941,1023,q2612,c,23666
1558378209899,1024,q2985,c,22333
1558378210694,1024,q2986,a,22333
1558378211405,1024,q2987,b,22333
1558378375688,1025,q3318,a,28666
1558378376325,1025,q3319,d,28666
1558378377000,1025,q3320,c,28666
1558378719808,1026,q3381,b,23000
1558378720470,1026,q3382,b,23000
1558378721322,1026,q3383,d,23000
1558378940545,1027,q2937,a,28000
1558378941207,1027,q2938,d,28000
1558378942169,1027,q2939,d,28000
1558379120969,1028,q2604,d,22333
1558379121677,1028,q2605,d,22333
1558379122378,1028,q2606,b,22333
1558381953058,1029,q7379,d,123000
1558381953745,1029,q7380,c,123000
1558381954442,1029,q7381,d,123000
1558381955160,1029,q7382,b,123000
1558381955975,1029,q7383,c,123000
1558382313318,1030,q7505,c,67200
1558382313764,1030,q7506,c,67200
1558382314164,1030,q7507,d,67200
1558382314542,1030,q7508,b,67200
1558382315098,1030,q7509,a,67200
1558382601028,1031,q7187,a,54600
1558382601644,1031,q7188,d,54600
1558382602236,1031,q7189,a,54600
1558382602863,1031,q7190,c,54600
1558382603564,1031,q7191,b,54600
1558419738355,1032,q7635,a,64000
1558419739379,1032,q7636,c,64000
1558426213106,1033,q6681,d,33000
1558426213629,1033,q6682,a,33000
1558426214166,1033,q6683,c,33000
1558426214793,1033,q6684,b,33000
1558426340369,1034,q3468,c,22666
1558426341525,1034,q3469,c,22666
1558426342745,1034,q3470,b,22666
1558495046902,1035,q11659,a,37500
1558495047563,1035,q11660,b,37500
1558495048245,1035,q11661,d,37500
1558495049073,1035,q11662,c,37500
1558495275130,1036,q6917,c,52750
1558495275891,1036,q6918,c,52750
1558495276756,1036,q6919,a,52750
1558495278031,1036,q6920,c,52750
1558495477897,1037,q6689,d,33250
1558495479952,1037,q6690,c,33250
1558495482674,1037,q6691,c,33250
1558495484890,1037,q6692,b,33250
1558495724803,1038,q6801,c,55500
1558495725677,1038,q6802,a,55500
1558495726510,1038,q6803,a,55500
1558495727969,1038,q6804,c,55500
1558495969043,1039,q6953,a,39250
1558495969780,1039,q6954,c,39250
1558495970566,1039,q6955,b,39250
1558495971575,1039,q6956,a,39250
1558496102439,1040,q6701,d,25000
1558496103131,1040,q6702,c,25000
1558496103856,1040,q6703,b,25000
1558496104468,1040,q6704,d,25000
1558496292103,1041,q6881,c,41750
1558496292802,1041,q6882,c,41750
1558496293469,1041,q6883,c,41750
1558496294209,1041,q6884,a,41750
1558496461974,1042,q3255,b,23333
1558496462494,1042,q3256,b,23333
1558496463264,1042,q3257,c,23333
1558496662772,1043,q2883,d,23000
1558496663196,1043,q2884,a,23000
1558496663600,1043,q2885,a,23000
1558496995808,1044,q3174,a,27000
1558496996370,1044,q3175,a,27000
1558496997011,1044,q3176,b,27000
1558497191987,1045,q2709,a,24333
1558497192883,1045,q2710,c,24333
1558497194425,1045,q2711,b,24333
1558497338324,1046,q3285,c,23000
1558497339250,1046,q3286,d,23000
1558497340199,1046,q3287,b,23000
1558521753095,1047,q3105,a,28000
1558521753886,1047,q3106,c,28000
1558521754990,1047,q3107,a,28000
1558521863574,1048,q2754,c,25333
1558521864270,1048,q2755,d,25333
1558521864756,1048,q2756,d,25333
1558521979588,1049,q3117,d,24000
1558521980283,1049,q3118,a,24000
1558521980868,1049,q3119,c,24000
1558574447248,1050,q3351,d,27666
1558574447865,1050,q3352,a,27666
1558574448306,1050,q3353,b,27666
1558574572757,1051,q3177,d,25333
1558574573484,1051,q3178,b,25333
1558574574108,1051,q3179,d,25333
1558574708403,1052,q2847,c,22333
1558574709091,1052,q2848,a,22333
1558574710194,1052,q2849,d,22333
1558574861348,1053,q3291,d,22333
1558574862495,1053,q3292,a,22333
1558574863511,1053,q3293,c,22333
1558574967557,1054,q3081,a,29000
1558574967910,1054,q3082,b,29000
1558574968252,1054,q3083,d,29000
1558575214111,1055,q5937,d,14000
1558575251822,1056,q5559,b,21000
1558575838965,1057,q7460,b,70600
1558575839621,1057,q7461,d,70600
1558575840045,1057,q7462,d,70600
1558575840441,1057,q7463,b,70600
1558575840914,1057,q7464,d,70600
1558576187871,1058,q7841,c,65400
1558576188574,1058,q7842,a,65400
1558576189294,1058,q7843,d,65400
1558576189957,1058,q7844,c,65400
1558576190953,1058,q7845,d,65400
1558576580992,1059,q7384,d,66800
1558576581981,1059,q7385,c,66800
1558576582661,1059,q7386,d,66800
1558576583175,1059,q7387,b,66800
1558576583890,1059,q7388,d,66800
1558677538916,1060,q5240,d,24000
1558677565951,1061,q6131,c,10000
1558706304480,1062,q3399,b,29666
1558706304990,1062,q3400,d,29666
1558706305492,1062,q3401,a,29666
1558706629603,1063,q3213,b,24666
1558706630497,1063,q3214,d,24666
1558706631294,1063,q3215,c,24666
1558713556591,1064,q3000,b,30333
1558713557546,1064,q3001,b,30333
1558713557845,1064,q3002,b,30333
1558713740067,1065,q2901,a,26000
1558713740618,1065,q2902,c,26000
1558713740984,1065,q2903,a,26000
1558713898780,1066,q3012,c,22333
1558713899312,1066,q3013,d,22333
1558713899991,1066,q3014,a,22333
1558714045932,1067,q3165,c,26333
1558714046444,1067,q3166,a,26333
1558714046966,1067,q3167,b,26333
1558714141092,1068,q3462,b,26666
1558714141696,1068,q3463,c,26666
1558714142200,1068,q3464,c,26666
1558714287916,1069,q3423,b,25666
1558714288424,1069,q3424,a,25666
1558714288916,1069,q3425,d,25666
1558714370868,1070,q3471,a,22000
1558714371498,1070,q3472,b,22000
1558714372079,1070,q3473,a,22000
1558714470958,1071,q3216,a,29000
1558714471743,1071,q3217,d,29000
1558714472396,1071,q3218,b,29000
1558714646425,1072,q6528,d,23000
1558714667587,1073,q9963,b,15000
1558714696858,1074,q5393,d,23000
1558714727957,1075,q5135,c,16000
1558714903860,1075,q5135,b,3000
1558714956297,1076,q5805,c,23000
1558714987449,1077,q3806,a,13000
1558715017605,1078,q8918,c,24000
1558715081535,1079,q4306,d,14000
1558715120699,1080,q4395,d,22000
1558715205527,1081,q6736,b,21000
1558715237483,1082,q9679,b,19000
1558715286523,1083,q4069,b,41000
1558715349400,1084,q5358,d,31000
1558715430295,1085,q9648,a,33000
1558715472381,1086,q8620,c,19000
1558715512107,1087,q5618,d,30000
1558715603048,1088,q4119,c,49000
1558715935007,1088,q4119,a,15000
1558715981598,1089,q3924,b,12000
1558716009030,1090,q6033,d,20000
1558716041895,1091,q9684,a,19000
1558716107399,1092,q5485,a,40000
1558716186755,1093,q6241,d,19000
1558716807060,1094,q6254,a,24000
1558716867943,1094,q6254,c,6000
1558716911742,1095,q4541,c,17000
1558716974612,1096,q6465,c,30000
1558717049355,1097,q4543,c,22000
1558717098889,1098,q9091,b,18000
1558717135742,1099,q4532,d,24000
1558717238962,1100,q4495,b,69000
1558717373494,1101,q6007,c,35000
1558717442896,1102,q5559,b,10000
1558717467374,1103,q5549,b,17000
1558717511696,1104,q5937,d,10000
1558717541027,1105,q6007,a,17000
1558717553459,1106,q4395,c,6000
1558717573053,1107,q9886,c,11000
1558717606281,1108,q4304,c,25000
1558717650790,1109,q6439,b,14000
1558717698412,1110,q4813,c,25000
1558718122673,1111,q5904,c,19000
1558718141974,1112,q5611,d,13000
1558718166262,1113,q9097,d,18000
1558718197883,1114,q3841,c,25000
1558718247958,1115,q3707,b,38000
1558718284502,1116,q3997,c,26000
1558718361911,1117,q9803,b,45000
1558718433797,1118,q4816,c,20000
1558718466561,1119,q5692,b,21000
1558718499030,1120,q3669,b,18000
1558718557906,1121,q17240,a,16000
1558718603492,1122,q6100,d,38000
1558718658956,1123,q5481,a,18000
1558718708710,1124,q3633,b,43000
1558718747320,1125,q17212,d,17000
1558718793499,1126,q5901,d,40000
1558718822421,1127,q3933,c,12000
1558718886912,1128,q6489,d,17000
1558764030759,1129,q6877,b,46000
1558764032669,1129,q6878,b,46000
1558764034377,1129,q6879,a,46000
1558764035983,1129,q6880,b,46000
1558764174524,1130,q11819,c,17000
1558764174942,1130,q11820,d,17000
1558764175480,1130,q11821,b,17000
1558764175870,1130,q11822,b,17000
1558764351790,1131,q6997,a,32750
1558764352370,1131,q6998,c,32750
1558764352992,1131,q6999,d,32750
1558764353692,1131,q7000,b,32750
1558764539870,1132,q10646,c,34000
1558764540749,1132,q10647,c,34000
1558764541662,1132,q10648,b,34000
1558764542452,1132,q10649,a,34000
1558764836801,1133,q6685,c,42000
1558764838430,1133,q6686,c,42000
1558764839491,1133,q6687,b,42000
1558764841584,1133,q6688,a,42000
1558765208957,1134,q6629,b,41750
1558765210067,1134,q6630,c,41750
1558765211047,1134,q6631,b,41750
1558765212059,1134,q6632,a,41750
1558766337643,1135,q6817,c,30250
1558766338664,1135,q6818,a,30250
1558766339615,1135,q6819,a,30250
1558766340590,1135,q6820,a,30250
1558781044708,1136,q10642,b,36500
1558781045456,1136,q10643,c,36500
1558781046044,1136,q10644,c,36500
1558781046841,1136,q10645,d,36500
1558781659062,1137,q6765,d,43250
1558781660036,1137,q6766,c,43250
1558781661112,1137,q6767,a,43250
1558781662225,1137,q6768,c,43250
1558841740986,1138,q1917,c,26666
1558841741486,1138,q1918,a,26666
1558841741947,1138,q1919,b,26666
1558860737551,1139,q9716,a,12000
1558860757784,1140,q5969,a,11000
1558860790635,1141,q5583,d,14000
1558861024065,1142,q3937,c,17000
1558861050768,1143,q10203,c,19000
1558861559217,1144,q4814,d,32000
1558861604841,1145,q4566,b,18000
1558861634445,1146,q4310,c,21000
1558861745188,1147,q10248,a,23000
1558861784997,1148,q6173,d,29000
1558861836075,1149,q3974,d,30000
1558861873071,1150,q5222,c,20000
1558861977657,1151,q9412,c,48000
1558862006927,1152,q4771,a,21000
1558874139230,1153,q10598,c,35000
1558874140128,1153,q10599,c,35000
1558874140915,1153,q10600,d,35000
1558874142357,1153,q10601,d,35000
1558929276727,1154,q6881,c,38250
1558929278133,1154,q6882,c,38250
1558929278934,1154,q6883,c,38250
1558929279700,1154,q6884,a,38250
1558930044629,1155,q6645,a,47000
1558930045135,1155,q6646,b,47000
1558930045673,1155,q6647,d,47000
1558930046340,1155,q6648,d,47000
1558937885799,1156,q3513,b,27000
1558937886150,1156,q3514,b,27000
1558937886489,1156,q3515,d,27000
1558937990344,1157,q3126,a,25000
1558937990835,1157,q3127,a,25000
1558937991278,1157,q3128,d,25000
1558938245165,1158,q3090,d,30000
1558938246060,1158,q3091,b,30000
1558938246984,1158,q3092,a,30000
1558938350336,1159,q2778,a,28666
1558938351760,1159,q2779,c,28666
1558938352415,1159,q2780,c,28666
1558938486015,1160,q3312,a,25000
1558938486503,1160,q3313,c,25000
1558938487039,1160,q3314,b,25000
1558945130431,1161,q6777,b,30750
1558945131150,1161,q6778,d,30750
1558945131975,1161,q6779,a,30750
1558945133017,1161,q6780,b,30750
1558945609912,1162,q6669,b,63250
1558945610906,1162,q6670,c,63250
1558945611793,1162,q6671,a,63250
1558945612617,1162,q6672,d,63250
1558948348233,1163,q6961,d,31500
1558948348903,1163,q6962,c,31500
1558948349658,1163,q6963,b,31500
1558948350430,1163,q6964,b,31500
1559197690920,1164,q3153,b,27333
1559197691645,1164,q3154,a,27333
1559197692253,1164,q3155,a,27333
1559197865283,1165,q3519,c,22000
1559197865746,1165,q3520,b,22000
1559197866190,1165,q3521,a,22000
1559197951624,1166,q2913,a,24666
1559197952368,1166,q2914,c,24666
1559197953124,1166,q2915,a,24666
1559198038817,1167,q2934,d,24333
1559198039190,1167,q2935,c,24333
1559198039551,1167,q2936,d,24333
1559198182618,1168,q3198,d,27333
1559198183991,1168,q3199,b,27333
1559198184735,1168,q3200,b,27333
1559274435021,1169,q6172,b,40000
1559469206113,1170,q11899,d,30500
1559469206688,1170,q11900,d,30500
1559469207175,1170,q11901,b,30500
1559469207652,1170,q11902,c,30500
1559476966019,1171,q6845,a,36000
1559476966919,1171,q6846,d,36000
1559476967736,1171,q6847,d,36000
1559476968460,1171,q6848,b,36000
1559494494578,1172,q3024,a,20333
1559494495289,1172,q3025,b,20333
1559494495854,1172,q3026,b,20333
1559494577539,1173,q3006,a,24000
1559494578124,1173,q3007,b,24000
1559494578595,1173,q3008,c,24000
1559494722352,1174,q3516,a,22666
1559494723022,1174,q3517,b,22666
1559494723940,1174,q3518,a,22666
1559494814131,1175,q3408,a,26666
1559494815046,1175,q3409,b,26666
1559494815849,1175,q3410,b,26666
1559495125924,1176,q3132,b,25000
1559495126715,1176,q3133,c,25000
1559495127589,1176,q3134,b,25000
1559495275849,1177,q2841,b,28666
1559495276684,1177,q2842,c,28666
1559495277778,1177,q2843,a,28666
1559495654930,1178,q2682,d,24000
1559495655768,1178,q2683,d,24000
1559495656634,1178,q2684,a,24000
1559495832026,1179,q3189,a,27333
1559495832588,1179,q3190,a,27333
1559495833258,1179,q3191,c,27333
1559496091704,1180,q10642,b,31750
1559496092248,1180,q10643,d,31750
1559496092810,1180,q10644,a,31750
1559496093382,1180,q10645,d,31750
1559496510099,1181,q6865,c,36750
1559496510654,1181,q6866,a,36750
1559496511243,1181,q6867,d,36750
1559496511837,1181,q6868,c,36750
1559622716077,1182,q3363,a,28666
1559622717533,1182,q3364,c,28666
1559622718219,1182,q3365,d,28666
1559622823822,1183,q3204,b,31333
1559622824804,1183,q3205,d,31333
1559622825802,1183,q3206,b,31333
1559622925370,1184,q3522,b,26000
1559622925866,1184,q3523,b,26000
1559622926359,1184,q3524,d,26000
1559623062363,1185,q3420,b,22333
1559623062998,1185,q3421,c,22333
1559623063776,1185,q3422,a,22333
1559623149208,1186,q3099,c,25333
1559623149859,1186,q3100,c,25333
1559623150447,1186,q3101,c,25333
1559623287524,1187,q3477,d,24333
1559623288330,1187,q3478,b,24333
1559623289016,1187,q3479,b,24333
1559623379128,1188,q3108,a,26666
1559623379564,1188,q3109,b,26666
1559623379898,1188,q3110,d,26666
1559623468528,1189,q2838,d,21333
1559623469161,1189,q2839,b,21333
1559623469639,1189,q2840,a,21333
1559623544053,1190,q2925,d,21000
1559623544572,1190,q2926,a,21000
1559623545063,1190,q2927,c,21000
1559623628995,1191,q2757,c,25000
1559623629565,1191,q2758,b,25000
1559623630158,1191,q2759,c,25000
1559623769190,1192,q2463,d,27666
1559623769628,1192,q2464,b,27666
1559623770156,1192,q2465,a,27666
1559623861373,1193,q1761,d,25000
1559623862235,1193,q1762,d,25000
1559623863142,1193,q1763,b,25000
1559623958413,1194,q1722,a,26333
1559623958986,1194,q1723,a,26333
1559623959630,1194,q1724,c,26333
1559624079210,1195,q2268,a,24000
1559624079701,1195,q2269,d,24000
1559624080386,1195,q2270,d,24000
1559624217434,1196,q1758,b,29333
1559624217913,1196,q1759,d,29333
1559624218355,1196,q1760,a,29333
1559624510413,1197,q3974,b,15000
1559624536203,1198,q4125,c,20000
1559624580726,1199,q4314,a,28000
1559624625522,1200,q4599,c,32000
1559624675030,1201,q6172,c,19000
1559624867177,1202,q6969,a,36500
1559624867841,1202,q6970,b,36500
1559624868490,1202,q6971,b,36500
1559624869135,1202,q6972,c,36500
1559625048983,1203,q6925,c,40000
1559625049530,1203,q6926,d,40000
1559625050250,1203,q6927,d,40000
1559625050847,1203,q6928,c,40000
1559648457951,1204,q11623,c,25750
1559648460038,1204,q11624,d,25750
1559648461089,1204,q11625,a,25750
1559648462077,1204,q11626,c,25750
1559654273140,1205,q6713,d,70250
1559654274690,1205,q6714,c,70250
1559654275325,1205,q6715,c,70250
1559654276054,1205,q6716,c,70250
1559654474879,1206,q6561,c,34500
1559654475613,1206,q6562,a,34500
1559654476093,1206,q6563,b,34500
1559654476531,1206,q6564,c,34500
1559668470676,1207,q2919,b,23666
1559668471547,1207,q2920,d,23666
1559668472406,1207,q2921,d,23666
1559668710803,1208,q3549,c,25666
1559668711349,1208,q3550,d,25666
1559668711992,1208,q3551,b,25666
1559668804606,1209,q2715,a,26000
1559668805234,1209,q2716,d,26000
1559668806055,1209,q2717,c,26000
1559668958125,1210,q2844,b,26000
1559668958628,1210,q2845,d,26000
1559668959098,1210,q2846,c,26000
1559669028512,1211,q2979,a,19333
1559669028997,1211,q2980,b,19333
1559669029568,1211,q2981,b,19333
1559669159056,1212,q2931,a,24333
1559669160210,1212,q2932,b,24333
1559669160699,1212,q2933,d,24333
1559669251706,1213,q3078,a,26333
1559669252169,1213,q3079,c,26333
1559669252640,1213,q3080,b,26333
1559669339174,1214,q2685,d,24666
1559669339734,1214,q2686,c,24666
1559669340264,1214,q2687,d,24666
1559669413072,1215,q2898,b,22000
1559669413537,1215,q2899,a,22000
1559669414073,1215,q2900,d,22000
1559669489085,1216,q2760,a,22333
1559669489913,1216,q2761,a,22333
1559669490502,1216,q2762,c,22333
1559713598618,1217,q7541,a,74200
1559713598625,1217,q7543,d,74200
1559713598627,1217,q7544,b,74200
1559713598629,1217,q7542,c,74200
1559713598648,1217,q7540,d,74200
1559713819451,1218,q7678,c,61000
1559713819498,1218,q7680,c,61000
1559713819513,1218,q7679,a,61000
1559714262380,1219,q7834,d,85400
1559714262382,1219,q7835,b,85400
1559714262393,1219,q7831,c,85400
1559714262415,1219,q7832,c,85400
1559714262430,1219,q7833,a,85400
1559730197142,1220,q6945,c,27000
1559730197145,1220,q6948,c,27000
1559730197172,1220,q6946,c,27000
1559730197175,1220,q6947,a,27000
1559733654720,1221,q6265,d,19000
1559734597344,1222,q8591,a,19000
1559754789288,1223,q3233,d,26666
1559754789336,1223,q3231,c,26666
1559754789370,1223,q3232,b,26666
1559754923463,1224,q2641,a,21666
1559754923479,1224,q2640,c,21666
1559754923575,1224,q2642,a,21666
1559755019563,1225,q3238,a,28000
1559755019568,1225,q3239,d,28000
1559755019588,1225,q3237,b,28000
1559755109869,1226,q2869,c,24666
1559755109907,1226,q2870,a,24666
1559755109984,1226,q2868,b,24666
1559755183743,1227,q2635,a,20000
1559755183743,1227,q2636,a,20000
1559755183793,1227,q2634,b,20000
1559755285195,1228,q2613,c,27000
1559755285195,1228,q2615,a,27000
1559755285233,1228,q2614,d,27000
1559755363405,1229,q3490,d,22000
1559755363528,1229,q3491,a,22000
1559755363562,1229,q3489,a,22000
1559755442249,1230,q3284,d,22666
1559755442275,1230,q3283,a,22666
1559755442281,1230,q3282,c,22666
1559755522955,1231,q2834,c,23333
1559755522980,1231,q2832,b,23333
1559755523024,1231,q2833,d,23333
1559755604318,1232,q2645,c,23000
1559755604331,1232,q2644,b,23000
1559755604348,1232,q2643,b,23000
1559755813179,1233,q10926,c,31500
1559755813182,1233,q10924,c,31500
1559755813196,1233,q10927,d,31500
1559755813223,1233,q10925,a,31500
1559755933617,1234,q6679,d,23250
1559755933627,1234,q6677,d,23250
1559755933635,1234,q6678,b,23250
1559755933640,1234,q6680,c,23250
1559756091562,1235,q6871,d,36750
1559756091566,1235,q6869,a,36750
1559756091584,1235,q6870,b,36750
1559756091601,1235,q6872,b,36750
1559789699562,1236,q3374,a,22333
1559789699578,1236,q3373,c,22333
1559789699712,1236,q3372,b,22333
1559789809773,1237,q3506,a,24333
1559789809774,1237,q3505,d,24333
1559789809794,1237,q3504,b,24333
1559789884891,1238,q2799,c,21333
1559789884917,1238,q2801,c,21333
1559789884936,1238,q2800,b,21333
1559789964801,1239,q11304,a,23000
1559789964816,1239,q11302,c,23000
1559789964848,1239,q11303,b,23000
1559790352143,1240,q3027,c,25000
1559790352143,1240,q3028,b,25000
1559790352174,1240,q3029,c,25000
1559790600792,1241,q11283,d,24666
1559790600828,1241,q11282,c,24666
1559790601023,1241,q11281,b,24666
1559798608961,1242,q7983,d,70000
1559798609000,1242,q7985,b,70000
1559798609019,1242,q7986,a,70000
1559798609029,1242,q7987,b,70000
1559798609050,1242,q7984,d,70000
1559799072753,1243,q7408,d,105250
1559799072763,1243,q7409,c,105250
1559799072786,1243,q7406,a,105250
1559799073220,1243,q7407,c,105250
1559806275806,1244,q7809,a,60200
1559806275812,1244,q7808,b,60200
1559806275847,1244,q7806,a,60200
1559806275852,1244,q7810,c,60200
1559806275881,1244,q7807,a,60200
1559890215573,1245,q6568,b,32750
1559890215623,1245,q6565,a,32750
1559890215652,1245,q6567,c,32750
1559890215666,1245,q6566,d,32750
1559890479097,1246,q11914,c,21000
1559890479100,1246,q11913,b,21000
1559890479106,1246,q11912,d,21000
1559890479124,1246,q11911,a,21000
1559890662683,1247,q6824,b,30000
1559890662689,1247,q6821,d,30000
1559890662754,1247,q6822,c,30000
1559890662755,1247,q6823,a,30000
1559972484912,1248,q3279,a,22333
1559972485004,1248,q3280,c,22333
1559972485054,1248,q3281,b,22333
1559972570054,1249,q2908,b,22666
1559972570093,1249,q2907,d,22666
1559972570163,1249,q2909,c,22666
1559972802150,1250,q3299,d,24000
1559972802160,1250,q3297,d,24000
1559972802176,1250,q3298,b,24000
1559972962512,1251,q2916,a,25666
1559972962523,1251,q2917,a,25666
1559972962576,1251,q2918,a,25666
1559973183167,1252,q2703,b,23333
1559973183171,1252,q2704,a,23333
1559973183184,1252,q2705,b,23333
1559990263058,1253,q3528,c,20333
1559990263299,1253,q3529,c,20333
1559990263301,1253,q3530,b,20333
1559990356368,1254,q3289,c,22333
1559990356386,1254,q3290,d,22333
1559990356566,1254,q3288,a,22333
1559990456174,1255,q3332,c,28666
1559990456175,1255,q3331,b,28666
1559990456369,1255,q3330,b,28666
1559990674600,1256,q2831,c,25333
1559990674678,1256,q2829,b,25333
1559990674695,1256,q2830,b,25333
1559990750389,1257,q2591,a,21333
1559990750406,1257,q2590,b,21333
1559990750479,1257,q2589,c,21333
1559998136985,1258,q7365,d,43250
1559998137023,1258,q7366,a,43250
1559998137052,1258,q7363,c,43250
1559998137056,1258,q7364,b,43250
1559998435171,1259,q8221,a,57200
1559998435172,1259,q8220,d,57200
1559998435195,1259,q8219,a,57200
1559998435222,1259,q8218,c,57200
1559998435299,1259,q8217,b,57200
1559998875800,1260,q7198,d,83600
1559998875855,1260,q7201,d,83600
1559998875913,1260,q7199,d,83600
1559998876023,1260,q7200,c,83600
1559998876189,1260,q7197,a,83600
1559999165508,1261,q6984,c,36000
1559999165523,1261,q6981,b,36000
1559999165569,1261,q6983,c,36000
1559999165589,1261,q6982,c,36000
1560000252585,1262,q6651,a,35250
1560000252619,1262,q6650,c,35250
1560000252633,1262,q6649,d,35250
1560000252660,1262,q6652,b,35250
1560000696988,1263,q10626,c,25500
1560000697013,1263,q10629,c,25500
1560000697025,1263,q10628,d,25500
1560000697069,1263,q10627,a,25500
1560080645748,1264,q7310,a,77600
1560080645796,1264,q7312,a,77600
1560080645796,1264,q7313,c,77600
1560080645807,1264,q7311,d,77600
1560080645858,1264,q7309,b,77600
1560081441098,1265,q7581,a,45500
1560081441105,1265,q7579,a,45500
1560081441117,1265,q7582,a,45500
1560081441129,1265,q7580,c,45500
1560082352083,1266,q7700,b,69333
1560082352125,1266,q7701,c,69333
1560082352127,1266,q7702,b,69333
1560084437952,1267,q7553,b,121400
1560084437970,1267,q7551,a,121400
1560084437985,1267,q7554,c,121400
1560084437998,1267,q7552,d,121400
1560084438013,1267,q7550,b,121400
1560100768959,1268,q7523,b,83800
1560100768976,1268,q7522,c,83800
1560100769030,1268,q7524,d,83800
1560100769037,1268,q7520,a,83800
1560100769087,1268,q7521,b,83800
1560101180734,1269,q8336,b,79200
1560101180750,1269,q8333,c,79200
1560101180797,1269,q8332,c,79200
1560101180808,1269,q8335,c,79200
1560101180845,1269,q8334,d,79200
1560101518205,1270,q8216,a,65400
1560101518210,1270,q8215,c,65400
1560101518216,1270,q8212,b,65400
1560101518230,1270,q8214,c,65400
1560101518234,1270,q8213,a,65400
1560129251430,1271,q3180,c,28000
1560129251432,1271,q3182,d,28000
1560129251469,1271,q3181,c,28000
1560129346063,1272,q2904,a,26333
1560129346088,1272,q2906,d,26333
1560129346120,1272,q2905,a,26333
1560129419220,1273,q3428,a,19666
1560129419230,1273,q3427,c,19666
1560129419288,1273,q3426,d,19666
1560129538843,1274,q2647,b,24000
1560129538853,1274,q2646,b,24000
1560129538871,1274,q2648,d,24000
1560129636787,1275,q2637,c,23333
1560129636833,1275,q2638,a,23333
1560129636876,1275,q2639,d,23333
1560131073197,1276,q7727,d,50250
1560131073234,1276,q7728,b,50250
1560131073245,1276,q7725,c,50250
1560131073312,1276,q7726,c,50250
1560132115957,1277,q7249,d,80600
1560132115964,1277,q7251,b,80600
1560132115979,1277,q7248,b,80600
1560132115992,1277,q7250,a,80600
1560132116047,1277,q7247,d,80600
1560132261636,1278,q7557,a,64000
1560132261698,1278,q7558,b,64000
1560183100037,1279,q3384,b,24000
1560183100037,1279,q3385,c,24000
1560183100053,1279,q3386,c,24000
1560183212741,1280,q3093,c,33666
1560183212767,1280,q3095,c,33666
1560183212774,1280,q3094,a,33666
1560183401039,1281,q3475,b,22333
1560183401054,1281,q3476,d,22333
1560183401061,1281,q3474,b,22333
1560183538325,1282,q2692,b,25000
1560183538344,1282,q2691,a,25000
1560183538357,1282,q2693,d,25000
1560183646389,1283,q3367,c,29333
1560183646425,1283,q3366,b,29333
1560183646453,1283,q3368,b,29333
1560273619993,1284,q3172,c,26666
1560273620049,1284,q3171,d,26666
1560273620239,1284,q3173,c,26666
1560273759835,1285,q3325,c,30333
1560273759850,1285,q3326,d,30333
1560273759908,1285,q3324,a,30333
1560273842785,1286,q2732,c,21000
1560273842791,1286,q2730,a,21000
1560273842801,1286,q2731,d,21000
1560273943595,1287,q2881,a,26666
1560273943596,1287,q2882,b,26666
1560273943637,1287,q2880,d,26666
1560274036207,1288,q3357,b,27000
1560274036223,1288,q3359,c,27000
1560274036233,1288,q3358,c,27000
1560314253142,1289,q8264,b,51600
1560314253172,1289,q8265,a,51600
1560314253182,1289,q8263,c,51600
1560314253188,1289,q8266,c,51600
1560314253241,1289,q8262,c,51600
1560314584702,1290,q7649,d,72750
1560314584710,1290,q7650,c,72750
1560314584714,1290,q7648,d,72750
1560314584721,1290,q7647,c,72750
1560314886244,1291,q8018,b,43750
1560314886295,1291,q8020,a,43750
1560314886310,1291,q8021,b,43750
1560314886325,1291,q8019,a,43750
1560325232144,1292,q3226,d,22666
1560325232181,1292,q3225,c,22666
1560325232255,1292,q3227,c,22666
1560325348459,1293,q2841,b,24000
1560325348473,1293,q2842,d,24000
1560325348489,1293,q2843,a,24000
1560325448049,1294,q1970,a,25666
1560325448102,1294,q1968,b,25666
1560325448105,1294,q1969,b,25666
1560325579755,1295,q2409,d,26666
1560325579781,1295,q2411,c,26666
1560325579818,1295,q2410,b,26666
1560325675899,1296,q1462,d,21333
1560325675937,1296,q1463,a,21333
1560325675956,1296,q1461,d,21333
1560325774822,1297,q1537,d,23666
1560325774880,1297,q1538,a,23666
1560325774938,1297,q1536,a,23666
1560325913815,1298,q2306,d,29666
1560325913817,1298,q2304,d,29666
1560325913838,1298,q2305,b,29666
1560328652020,1299,q1802,a,26333
1560328652075,1299,q1800,c,26333
1560328652088,1299,q1801,c,26333
1560328749565,1300,q2146,b,24000
1560328749598,1300,q2145,c,24000
1560328749613,1300,q2147,c,24000
1560328844095,1301,q1560,b,27333
1560328844096,1301,q1562,c,27333
1560328844132,1301,q1561,d,27333
1560329012037,1302,q1736,a,27333
1560329012056,1302,q1735,c,27333
1560329012091,1302,q1734,d,27333
1560424729446,1303,q3274,d,28333
1560424729457,1303,q3275,a,28333
1560424729684,1303,q3273,c,28333
1560424984600,1304,q3241,d,25333
1560424984629,1304,q3242,b,25333
1560424984655,1304,q3240,d,25333
1560425155460,1305,q3098,b,29000
1560425155530,1305,q3096,c,29000
1560425155543,1305,q3097,a,29000
1560425281219,1306,q3483,a,22333
1560425281230,1306,q3485,c,22333
1560425281278,1306,q3484,c,22333
1560425361047,1307,q2667,d,21666
1560425361083,1307,q2668,c,21666
1560425361098,1307,q2669,b,21666
1560430703163,1308,q7206,b,58800
1560430703170,1308,q7204,c,58800
1560430703199,1308,q7205,a,58800
1560430703203,1308,q7203,b,58800
1560430703238,1308,q7202,b,58800
1560430956662,1309,q7415,d,58500
1560430956683,1309,q7417,c,58500
1560430956711,1309,q7416,d,58500
1560430956918,1309,q7414,c,58500
1560490688859,1310,q6809,c,34250
1560490688883,1310,q6811,a,34250
1560490688891,1310,q6810,a,34250
1560490688945,1310,q6812,d,34250
1560505290856,1311,q7641,c,45333
1560505290857,1311,q7640,b,45333
1560505290942,1311,q7642,d,45333
1560505639021,1312,q8000,b,48750
1560505639026,1312,q8001,d,48750
1560505639055,1312,q7999,a,48750
1560505639126,1312,q7998,c,48750
1560517702499,1313,q2940,d,21666
1560517702507,1313,q2941,b,21666
1560517702574,1313,q2942,b,21666
1560517799642,1314,q3337,a,26666
1560517799648,1314,q3336,c,26666
1560517799654,1314,q3338,c,26666
1560517890736,1315,q3041,d,26000
1560517890792,1315,q3039,c,26000
1560517890889,1315,q3040,a,26000
1560518075559,1316,q3346,a,25333
1560518075568,1316,q3345,c,25333
1560518075590,1316,q3347,d,25333
1560518160231,1317,q3221,d,23666
1560518160239,1317,q3219,b,23666
1560518160261,1317,q3220,d,23666
1560626197859,1318,q11730,d,25500
1560626197863,1318,q11728,c,25500
1560626197863,1318,q11729,c,25500
1560626197894,1318,q11727,b,25500
1560653551721,1319,q7011,c,73333
1560653551732,1319,q7010,d,73333
1560653551739,1319,q7012,b,73333
1560742174037,1320,q7601,d,54000
1560742174037,1320,q7602,c,54000
1560742174063,1320,q7600,b,54000
1560742174227,1320,q7599,a,54000
1560742470842,1321,q7781,c,95000
1560742470864,1321,q7782,c,95000
1560742801807,1322,q8016,c,62000
1560742801832,1322,q8015,d,62000
1560742801839,1322,q8014,d,62000
1560742801859,1322,q8017,a,62000
1560752129295,1323,q2765,d,21666
1560752129358,1323,q2763,a,21666
1560752129551,1323,q2764,d,21666
1560752256657,1324,q2718,a,24333
1560752256669,1324,q2719,c,24333
1560752256686,1324,q2720,a,24333
1560752918378,1325,q3437,b,27666
1560752918441,1325,q3435,a,27666
1560752918648,1325,q3436,c,27666
1560753003942,1326,q2922,b,22333
1560753003985,1326,q2923,c,22333
1560753003994,1326,q2924,d,22333
1560753092462,1327,q3015,c,23666
1560753092469,1327,q3017,a,23666
1560753092472,1327,q3016,d,23666
1560753462597,1328,q8359,d,60400
1560753462616,1328,q8360,c,60400
1560753462637,1328,q8361,d,60400
1560753462667,1328,q8357,a,60400
1560753462682,1328,q8358,d,60400
1560754002148,1329,q7969,b,86200
1560754002155,1329,q7972,b,86200
1560754002184,1329,q7970,c,86200
1560754002203,1329,q7968,b,86200
1560754002228,1329,q7971,c,86200
1560754283161,1330,q7425,d,63250
1560754283174,1330,q7422,b,63250
1560754283192,1330,q7424,a,63250
1560754283226,1330,q7423,c,63250
1560855792505,1331,q7739,b,41000
1560855792511,1331,q7740,a,41000
1560855792553,1331,q7737,b,41000
1560855792630,1331,q7738,c,41000
1561263753738,1332,q3443,a,26000
1561263753767,1332,q3441,d,26000
1561263753773,1332,q3442,c,26000
1561263950197,1333,q3031,a,25666
1561263950227,1333,q3032,b,25666
1561263950241,1333,q3030,a,25666
1561264057401,1334,q3546,b,26666
1561264057423,1334,q3547,b,26666
1561264057451,1334,q3548,b,26666
1561264157385,1335,q2978,b,28666
1561264157417,1335,q2976,d,28666
1561264157460,1335,q2977,a,28666
1561264248453,1336,q3502,a,24666
1561264248502,1336,q3501,d,24666
1561264248502,1336,q3503,d,24666
1561372132274,1337,q3294,a,23000
1561372132291,1337,q3295,c,23000
1561372132324,1337,q3296,b,23000
1561372336346,1338,q2982,c,21333
1561372336391,1338,q2984,b,21333
1561372336409,1338,q2983,a,21333
1561372423682,1339,q3161,c,25333
1561372423706,1339,q3160,c,25333
1561372423707,1339,q3159,c,25333
1561372578027,1340,q2963,a,25333
1561372578033,1340,q2962,c,25333
1561372578081,1340,q2961,a,25333
1561372707717,1341,q3036,a,25000
1561372707751,1341,q3037,b,25000
1561372707773,1341,q3038,d,25000
1561372807819,1342,q2379,c,25666
1561372807826,1342,q2381,c,25666
1561372807876,1342,q2380,d,25666
1561372952608,1343,q2391,c,32666
1561372952643,1343,q2392,d,32666
1561372952647,1343,q2393,b,32666
1561373092660,1344,q1652,a,25000
1561373092744,1344,q1651,a,25000
1561373092750,1344,q1650,d,25000
1561373217727,1345,q2091,c,21666
1561373217773,1345,q2093,d,21666
1561373217871,1345,q2092,b,21666
1561373317698,1346,q2523,d,26333
1561373317723,1346,q2524,c,26333
1561373317761,1346,q2525,a,26333
1561467401533,1347,q5458,c,12000
1561467425932,1348,q6461,d,17000
1561467452269,1349,q5498,c,11000
1561467484409,1350,q9349,d,19000
1561467568428,1351,q4364,d,40000
1561467613566,1352,q6157,b,16000
1561467646917,1353,q3919,d,21000
1561467684162,1354,q5819,a,9000
1561467750920,1355,q5335,d,58000
1561468731553,1356,q3703,b,190000
1561468776715,1357,q5950,a,26000
1561468799253,1358,q8545,c,11000
1561468833201,1359,q4327,c,24000
1561468884943,1360,q5166,c,42000
1561468923343,1361,q3957,a,20000
1561820787945,1362,q3354,b,25333
1561820787964,1362,q3356,c,25333
1561820787976,1362,q3355,a,25333
1561820873067,1363,q2675,a,23000
1561820873079,1363,q2674,a,23000
1561820873128,1363,q2673,d,23000
1561820959193,1364,q3544,b,25333
1561820959235,1364,q3545,c,25333
1561820959240,1364,q3543,d,25333
1561821050803,1365,q3328,b,26000
1561821050860,1365,q3329,b,26000
1561821050876,1365,q3327,d,26000
1561821158983,1366,q3196,a,26333
1561821159022,1366,q3195,c,26333
1561821159030,1366,q3197,b,26333
1561821545851,1367,q1735,c,23666
1561821545853,1367,q1736,a,23666
1561821545853,1367,q1734,d,23666
